<?xml version="1.0" encoding="utf-8" ?>
<dwsync>
<file name="classtrees_sms_api.html" server="schilling.dreamhost.com/smsmailpro.com/" local="128261527700000000" remote="128517158400000000" />
<file name="elementindex.html" server="schilling.dreamhost.com/smsmailpro.com/" local="128261527700000000" remote="128517158400000000" />
<file name="elementindex_sms_api.html" server="schilling.dreamhost.com/smsmailpro.com/" local="128261527680000000" remote="128517158400000000" />
<file name="errors.html" server="schilling.dreamhost.com/smsmailpro.com/" local="128261527720000000" remote="128517158400000000" />
<file name="index.html" server="schilling.dreamhost.com/smsmailpro.com/" local="128261527700000000" remote="128517159000000000" />
<file name="li_sms_api.html" server="schilling.dreamhost.com/smsmailpro.com/" local="128261527700000000" remote="128517159000000000" />
<file name="ric_CHANGELOG.html" server="schilling.dreamhost.com/smsmailpro.com/" local="128261527700000000" remote="128517159000000000" />
<file name="ric_README.html" server="schilling.dreamhost.com/smsmailpro.com/" local="128261527700000000" remote="128517159000000000" />
</dwsync>